{
  "train_sizes": [
    0.1,
    0.5
  ],
  "num_runs": 10,
  "base_nn": {
    "0.1": {
      "mean": 0.6206896543502808,
      "std": 0.06189844052486686,
      "all_runs": [
        0.6034482717514038,
        0.5862069129943848,
        0.5862069129943848,
        0.7586206793785095,
        0.6379310488700867,
        0.6206896305084229,
        0.5517241358757019,
        0.6379310488700867,
        0.5517241358757019,
        0.6724137663841248
      ]
    },
    "0.5": {
      "mean": 0.7137930989265442,
      "std": 0.03168747458365822,
      "all_runs": [
        0.7241379022598267,
        0.7413793206214905,
        0.7586206793785095,
        0.7068965435028076,
        0.7413793206214905,
        0.7413793206214905,
        0.6724137663841248,
        0.6724137663841248,
        0.6896551847457886,
        0.6896551847457886
      ]
    }
  },
  "kenn": {
    "0.1": {
      "mean": 0.4965517222881317,
      "std": 0.05254772481176836,
      "all_runs": [
        0.48275861144065857,
        0.48275861144065857,
        0.5344827771186829,
        0.5862069129943848,
        0.5,
        0.4655172526836395,
        0.43103447556495667,
        0.568965494632721,
        0.43103447556495667,
        0.48275861144065857
      ]
    },
    "0.5": {
      "mean": 0.6965517222881317,
      "std": 0.04466518997737939,
      "all_runs": [
        0.7068965435028076,
        0.7413793206214905,
        0.7413793206214905,
        0.6896551847457886,
        0.6034482717514038,
        0.6896551847457886,
        0.6379310488700867,
        0.7068965435028076,
        0.7241379022598267,
        0.7241379022598267
      ]
    }
  },
  "comparison": {
    "0.1": {
      "delta_mean": -0.12413793206214907,
      "t_statistic": -9.160443747233872,
      "p_value_ttest": 7.387230976535093e-06,
      "ks_statistic": 0.8,
      "p_value_ks": 0.002056766762649115,
      "significant": true
    },
    "0.5": {
      "delta_mean": -0.01724137663841252,
      "t_statistic": -1.0476453818189002,
      "p_value_ttest": 0.322120661716572,
      "ks_statistic": 0.2,
      "p_value_ks": 0.9944575548290717,
      "significant": false
    }
  }
}