{
  "base_nn": {
    "0.1": {
      "mean": 0.6039156516393026,
      "std": 0.012475946153360704,
      "min": 0.5892319083213806,
      "max": 0.6197289228439331,
      "all_runs": [
        0.5892319083213806,
        0.6197289228439331,
        0.602786123752594
      ]
    },
    "0.5": {
      "mean": 0.7100576957066854,
      "std": 0.015558632326593113,
      "min": 0.6930022835731506,
      "max": 0.7306245565414429,
      "all_runs": [
        0.7065462470054626,
        0.6930022835731506,
        0.7306245565414429
      ]
    }
  },
  "kenn": {
    "0.1": {
      "mean": 0.4472891489664714,
      "std": 0.0351598292574024,
      "min": 0.3979668617248535,
      "max": 0.47740963101387024,
      "all_runs": [
        0.3979668617248535,
        0.47740963101387024,
        0.4664909541606903
      ]
    },
    "0.5": {
      "mean": 0.5864058136940002,
      "std": 0.05660983090884962,
      "min": 0.5071482062339783,
      "max": 0.6358163952827454,
      "all_runs": [
        0.5071482062339783,
        0.6162528395652771,
        0.6358163952827454
      ]
    }
  },
  "comparison": {
    "0.1": {
      "delta_mean": -0.1566265026728312,
      "delta_std": 0.024616309715991522,
      "t_statistic": -8.998234376417853,
      "p_value_ttest": 0.012126331370766403,
      "w_statistic": 0.0,
      "p_value_wilcoxon": 0.25,
      "cohens_d": -6.362712546270969,
      "significant": 